ID	Primer number	F	R	Name F	Name R
A3Z845_pos	1	GGATGGATACGCCCGGTAAC	GACGTTGACCATCATCGGGT	A3Z845_pos1F	A3Z845_pos1R
	2	GATGGTCAACGTCGATTCGC	AGGGCTTGATCAGCCAGTTG	A3Z845_pos2F	A3Z845_pos2R
	3	GCGTGCTATCTGGGTGATGA	ACTGAAGAACAAACGCCAGC	A3Z845_pos3F	A3Z845_pos3R
	4	ATGGATACGCCCGGTAACCT	GCGAATCGACGTTGACCATC	A3Z845_pos4F	A3Z845_pos4R
	5	GGGATCTTGACGTACCTGTCC	ATCACCCAGATAGCACGCAC	A3Z845_pos5F	A3Z845_pos5R
	6	GACGTACCTGTCCTGTGGGT	GTTACCGGGCGTATCCATCC	A3Z845_pos6F	A3Z845_pos6R
	7	CGTACCTGTCCTGTGGGTG	GGTTACCGGGCGTATCCATC	A3Z845_pos7F	A3Z845_pos7R
	8	CTTGACGTACCTGTCCTGTGG	CATCCGGCGATACCTGGAAC	A3Z845_pos8F	A3Z845_pos8R
	9	TCCTCAAGGAGTCGGCAAAG	TACTGAAGAACAAACGCCAGC	A3Z845_pos9F	A3Z845_pos9R
	10	GTGCGTGCTATCTGGGTGA	CAGCCAGTTGAGACCAGGTA	A3Z845_pos10F	A3Z845_pos10R
					
A3Z845_neg	1	AATACGCCTCGGTCAACCTG	GACGACGAGGTGATGACCAG	A3Z845_neg1F	A3Z845_neg1R
	2	TTTCCGCTGTTCGAGGTCTG	CCAGTTGACGACGAGGTGAT	A3Z845_neg2F	A3Z845_neg2R
	3	TTTTCCGCTGTTCGAGGTCT	CTTGACCAGCCAGTTGACGA	A3Z845_neg3F	A3Z845_neg3R
	4	GTTTTCCGCTGTTCGAGGTC	TCGGTAGACCATGCCCAGAT	A3Z845_neg4F	A3Z845_neg4R
	5	ATCTGGGCATGGTCTACCGA	TTGACCAGCCAGTTGACGAC	A3Z845_neg5F	A3Z845_neg5R
	6	AGGTTTTCCGCTGTTCGAGG	ATCGGTAGACCATGCCCAGA	A3Z845_neg6F	A3Z845_neg6R
	7	GAATACGCCTCGGTCAACCT	TGAAAACAGAACGCCGAGGG	A3Z845_neg7F	A3Z845_neg7R
	8	TCGAATACGCCTCGGTCAAC	AGGTGATGACCAGTCCCTTG	A3Z845_neg8F	A3Z845_neg8R
	9	GTCGAATACGCCTCGGTCAA	GAGGTGATGACCAGTCCCTTG	A3Z845_neg9F	A3Z845_neg9R
	10	CGGGATCTTGAGCGCTACC	CAGACCTCGAACAGCGGAAA	A3Z845_neg10F	A3Z845_neg10R
					
R5YHE2_neg	1	GACCCAGGAGCTGTTGGTTAT	CCGGCACAATATGCCAGAAA	R5YHE2_neg1F	R5YHE2_neg1R
	2	ATGTACGAAGTTGCTGACCCA	ACACCAGCAGCAGAACCAATA	R5YHE2_neg2F	R5YHE2_neg2R
	3	GGCCGACTTTGTAGTTGATGG	TAATAAACACCAGCTCCGGCA	R5YHE2_neg3F	R5YHE2_neg3R
	4	CCGCAATGGGACTGGAGAAAA	ATAAACACCAGCTCCGGCAAT	R5YHE2_neg4F	R5YHE2_neg4R
	5	GAGCTGTTGGTTATATGGCCG	TTTTCTCCAGTCCCATTGCG	R5YHE2_neg5F	R5YHE2_neg5R
	6	GGTACCGGAGGAAGTATCCTG	AATAAACACCAGCTCCGGCAA	R5YHE2_neg6F	R5YHE2_neg6R
	7	TGTTGCCGCAATGGGACTG	AACACCAGCTCCGGCAATATAA	R5YHE2_neg7F	R5YHE2_neg7R
	8	GTGTTGCCGCAATGGGACT	ATAATAAACACCAGCTCCGGCA	R5YHE2_neg8F	R5YHE2_neg8R
	9	TGGCCGACTTTGTAGTTGATG	ATTTTCTCCAGTCCCATTGCG	R5YHE2_neg9F	R5YHE2_neg9R
	10	GTGTTGCCGCAATGGGACTG	TAATAAACACCAGCTCCGGCAA	R5YHE2_neg10F	R5YHE2_neg10R
					
C0QFU4_pos	1	GCCATGATGGTTTTTGGCGT	AGTCGGAGTTGTGCGGAAAT	C0QFU4_pos1F	C0QFU4_pos1R
	2	TGCCATGATGGTTTTTGGCG	ATAAAAGCCGCCAAGTCGGA	C0QFU4_pos2F	C0QFU4_pos2R
	3	ACTTCTTGGAGCCATTGCCA	ACCCAGGTATAAAAGCCGCC	C0QFU4_pos3F	C0QFU4_pos3R
	4	TCGGTGTTGCACTTCTTGGA	CCCAGGTATAAAAGCCGCCA	C0QFU4_pos4F	C0QFU4_pos4R
	5	TAGCCCTTGGGAAAATCCCG	CGCCAAAAACCATCATGGCA	C0QFU4_pos5F	C0QFU4_pos5R
	6	GTCGGTGTTGCACTTCTTGG	AAGTCGGAGTTGTGCGGAAA	C0QFU4_pos6F	C0QFU4_pos6R
	7	TTTGGCATAGCCCTTGGGAA	TGGCTCCAAGAAGTGCAACA	C0QFU4_pos7F	C0QFU4_pos7R
	8	TGGCATAGCCCTTGGGAAAA	GCAATGGCTCCAAGAAGTGC	C0QFU4_pos8F	C0QFU4_pos8R
	9	GGTGTTGCACTTCTTGGAGC	TGATCGATCCAACTGCACCT	C0QFU4_pos9F	C0QFU4_pos9R
	10	TGCCTATTTTGGCATAGCCCT	TCCAAGAAGTGCAACACCGA	C0QFU4_pos10F	C0QFU4_pos10R
					
V5WMB8_pos	1	CCAGGTTGACCTTGCTGAGA	CACTGGTGCCGTTCCTTACA	V5WMB8_pos1F	V5WMB8_pos1R
	2	CCAGGTTGACCTTGCTGAGAA	GTGCCGTTCCTTACAACAGG	V5WMB8_pos2F	V5WMB8_pos2R
	3	ACACTGGAAAGGCTGTCAGAT	CTGGTGCCGTTCCTTACAAC	V5WMB8_pos3F	V5WMB8_pos3R
	4	GGGGGTAAAGATTCACCAGGTT	GCCGTTCCTTACAACAGGGG	V5WMB8_pos4F	V5WMB8_pos4R
	5	CACCAGGTTGACCTTGCTGAG	CCGTTCCTTACAACAGGGGTT	V5WMB8_pos5F	V5WMB8_pos5R
	6	AGGTCGGTTCCTATTGAAGAGC	GCACTGGTGCCGTTCCTTA	V5WMB8_pos6F	V5WMB8_pos6R
	7	CTCTGTTACAAGGTCGGTTCCT	CACTGGTGCCGTTCCTTACAA	V5WMB8_pos7F	V5WMB8_pos7R
	8	ACCAGGTTGACCTTGCTGAGA	TGGTGCCGTTCCTTACAACAG	V5WMB8_pos8F	V5WMB8_pos8R
	9	GGTCGGTTCCTATTGAAGAGC	CTGGTGCCGTTCCTTACAACA	V5WMB8_pos9F	V5WMB8_pos9R
	10	CAGGTTGACCTTGCTGAGAA	ACTGGTGCCGTTCCTTACA	V5WMB8_pos10F	V5WMB8_pos10R
					
V5WMB8_neg	1	GGGATCCAGCCTCATTTCGT	TTCGGGGTCAAGGTTTCGAC	V5WMB8_neg1F	V5WMB8_neg1R
	2	GTCGAAACCTTGACCCCGAA	GATCGGAGTTTTCAGCACGG	V5WMB8_neg2F	V5WMB8_neg2R
	3	GACTCCAAGGCTTACGCCAA	TTCCAGATCTCCGGCTTCAG	V5WMB8_neg3F	V5WMB8_neg3R
	4	TCCAGCCTCATTTCGTCGAT	TGTTCGGGGTCAAGGTTTCG	V5WMB8_neg4F	V5WMB8_neg4R
	5	AGGGGGAGCTGCAAAACATC	CGTAAGCCTTGGAGTCCTGA	V5WMB8_neg5F	V5WMB8_neg5R
	6	ATCGGTACCAAGAACTGCCA	CGAAATGAGGCTGGATCCCC	V5WMB8_neg6F	V5WMB8_neg6R
	7	AAACCTTGACCCCGAACAGC	GCAGCGAATGATCGGAGTTT	V5WMB8_neg7F	V5WMB8_neg7R
	8	GGTGGCTCAGAAAAATCCCG	CTCGTTCCAGATCTCCGGC	V5WMB8_neg8F	V5WMB8_neg8R
	9	GTACCAAGAACTGCCAGGACA	ATCGACGAAATGAGGCTGGA	V5WMB8_neg9F	V5WMB8_neg9R
	10	CTGTCGAAACCTTGACCCCG	CGTAGACCATGTAGGACAGGC	V5WMB8_neg10F	V5WMB8_neg10R
					
I5AWT0_neg	1	CAAGCTGTCGGCGGATATGA	TGTCCTCTTTTGCCTCGTCC	I5AWT0_neg1F	I5AWT0_neg1R
	2	GGACGAGGCAAAAGAGGACAA	TGCCTGCCGTTTCTGACAATA	I5AWT0_neg2F	I5AWT0_neg2R
	3	TCTTGAGGACGAGGCAAAAGA	GCCTGCCGTTTCTGACAATAG	I5AWT0_neg3F	I5AWT0_neg3R
	4	AGGCAAAAGAGGACAAACTGC	TCCGGTTTGTAGCCGACAGT	I5AWT0_neg4F	I5AWT0_neg4R
	5	CAAGCTGTCGGCGGATATGAA	GCCTGCCGTTTCTGACAATA	I5AWT0_neg5F	I5AWT0_neg5R
	6	GCAAGCTGTCGGCGGATATG	CCATACCTCCGGTTTGTAGCC	I5AWT0_neg6F	I5AWT0_neg6R
	7	GACGAGGCAAAAGAGGACAA	TCCATACCTCCGGTTTGTAGC	I5AWT0_neg7F	I5AWT0_neg7R
	8	ACGAGGCAAAAGAGGACAAAC	CTGCCTGCCGTTTCTGACA	I5AWT0_neg8F	I5AWT0_neg8R
	9	AGCTGTCGGCGGATATGAA	TTGTCCTCTTTTGCCTCGTCC	I5AWT0_neg9F	I5AWT0_neg9R
	10	CGAGGCAAAAGAGGACAAACTG	CATACCTCCGGTTTGTAGCCG	I5AWT0_neg10F	I5AWT0_neg10R
					
M1MBW7_pos	1	CCAGGTTGACCTTGCTGAGA	CACTGGTGCCGTTCCTTACA	M1MBW7_pos1F	M1MBW7_pos1R
	2	CCAGGTTGACCTTGCTGAGAA	GTGCCGTTCCTTACAACAGG	M1MBW7_pos2F	M1MBW7_pos2R
	3	ACACTGGAAAGGCTGTCAGAT	CTGGTGCCGTTCCTTACAAC	M1MBW7_pos3F	M1MBW7_pos3R
	4	GGGGGTAAAGATTCACCAGGTT	GCCGTTCCTTACAACAGGGG	M1MBW7_pos4F	M1MBW7_pos4R
	5	CACCAGGTTGACCTTGCTGAG	CCGTTCCTTACAACAGGGGTT	M1MBW7_pos5F	M1MBW7_pos5R
	6	AGGTCGGTTCCTATTGAAGAGC	GCACTGGTGCCGTTCCTTA	M1MBW7_pos6F	M1MBW7_pos6R
	7	CTCTGTTACAAGGTCGGTTCCT	CACTGGTGCCGTTCCTTACAA	M1MBW7_pos7F	M1MBW7_pos7R
	8	ACCAGGTTGACCTTGCTGAGA	TGGTGCCGTTCCTTACAACAG	M1MBW7_pos8F	M1MBW7_pos8R
	9	GGTCGGTTCCTATTGAAGAGC	CTGGTGCCGTTCCTTACAACA	M1MBW7_pos9F	M1MBW7_pos9R
	10	CAGGTTGACCTTGCTGAGAA	ACTGGTGCCGTTCCTTACA	M1MBW7_pos10F	M1MBW7_pos10R
					
M1MBW7_neg	1	CAGCGCTATTTCAAGGACGC	TTCGAACTTGTCCTGGTCGG	M1MBW7_neg1F	M1MBW7_neg1R
	2	GCAGCGCTATTTCAAGGACG	GATCATTTGTCGATGCCGCC	M1MBW7_neg2F	M1MBW7_neg2R
	3	TCGATACAAAAAGGCGCAGC	ACTGTAGACGCAACCGTGTC	M1MBW7_neg3F	M1MBW7_neg3R
	4	AAAGGGGATGAGCAAAGGCG	GTCGGGCGAGTACTGTAGAC	M1MBW7_neg4F	M1MBW7_neg4R
	5	GATCGACCAAGGCAAGATGC	ATCTTTCCAACTCCGGCTGT	M1MBW7_neg5F	M1MBW7_neg5R
	6	TTCGATACAAAAAGGCGCAGC	CGATCATTTGTCGATGCCGC	M1MBW7_neg6F	M1MBW7_neg6R
	7	TCTACAGTACTCGCCCGACC	CATCTTTCCAACTCCGGCTG	M1MBW7_neg7F	M1MBW7_neg7R
	8	GCTTCGATACAAAAAGGCGCA	GGTCGGGCGAGTACTGTAGA	M1MBW7_neg8F	M1MBW7_neg8R
	9	GAAAAGGGGATGAGCAAAGGC	TACTGTAGACGCAACCGTGT	M1MBW7_neg9F	M1MBW7_neg9R
	10	GCGCAGCGCTATTTCAAGG	TGTCGCATCTTGCCTTGGTC	M1MBW7_neg10F	M1MBW7_neg10R
					
F9VRA8_pos	1	GATCCACGAGATCAACCCCG	AGGGGTTTCGGGAATTCGTC	F9VRA8_pos1F	F9VRA8_pos1R
	2	CGATCCACGAGATCAACCCC	GAGGGGTTTCGGGAATTCGT	F9VRA8_pos2F	F9VRA8_pos2R
	3	ACGAATTCCCGAAACCCCTC	CAGTCGAGGTACCGCTTTCC	F9VRA8_pos3F	F9VRA8_pos3R
	4	CGAATTCCCGAAACCCCTCA	GACAGGTGTGGTCAGTTCGG	F9VRA8_pos4F	F9VRA8_pos4R
	5	CCGATCCACGAGATCAACCC	GGTGTGGTCAGTTCGGTGAG	F9VRA8_pos5F	F9VRA8_pos5R
	6	AATTCCCGAAACCCCTCACC	CTTTCCCGGGTAGACGACG	F9VRA8_pos6F	F9VRA8_pos6R
	7	CATTGCTCGATCACCACGCT	GGGTTGATCTCGTGGATCGG	F9VRA8_pos7F	F9VRA8_pos7R
	8	GAAAGCGGTACCTCGACTGG	CAGGTGTGGTCAGTTCGGTG	F9VRA8_pos8F	F9VRA8_pos8R
	9	GGAAAGCGGTACCTCGACTG	GTGGTCAGTTCGGTGAGCAG	F9VRA8_pos9F	F9VRA8_pos9R
	10	ATTGCTCGATCACCACGCTC	AGGTGTGGTCAGTTCGGTGA	F9VRA8_pos10F	F9VRA8_pos10R
					
M3VGP8_pos	1	CGTGGTGATCACGATGGGTT	GAGCTTCCAGTCCTCGTACC	M3VGP8_pos1F	M3VGP8_pos1R
	2	GTGGTGATCACGATGGGTTG	CGTCGAGCTTCCAGTCCTC	M3VGP8_pos2F	M3VGP8_pos2R
	3	CGTGGTGATCACGATGGGT	CTTCCAGTCCTCGTACCGC	M3VGP8_pos3F	M3VGP8_pos3R
	4	TGATCACGATGGGTTGCGG	GTCGTCGAGCTTCCAGTCC	M3VGP8_pos4F	M3VGP8_pos4R
	5	CATCGACATCACCGCCGAA	GGTCGTCGAGCTTCCAGTC	M3VGP8_pos5F	M3VGP8_pos5R
	6	GTGATCACGATGGGTTGCGG	TCGTCGAGCTTCCAGTCCTC	M3VGP8_pos6F	M3VGP8_pos6R
	7	CATCGACATCACCGCCGAAC	TTCCAGTCCTCGTACCGCT	M3VGP8_pos7F	M3VGP8_pos7R
	8	GTGATCACGATGGGTTGCG	GTCGTCGAGCTTCCAGTCCT	M3VGP8_pos8F	M3VGP8_pos8R
	9	CATCGACATCACCGCCGA	AGCTTCCAGTCCTCGTACCG	M3VGP8_pos9F	M3VGP8_pos9R
	10	CAGATCAACCCGGTCGCC	TGAGCACCTTGGGCTGTTC	M3VGP8_pos10F	M3VGP8_pos10R
					
M3VGP8_neg	1	GATCCACGAGATCAACCCCG	AGGGGTTTCGGGAATTCGTC	M3VGP8_neg1F	M3VGP8_neg1R
	2	CGATCCACGAGATCAACCCC	GAGGGGTTTCGGGAATTCGT	M3VGP8_neg2F	M3VGP8_neg2R
	3	ACGAATTCCCGAAACCCCTC	CAGTCGAGGTACCGCTTTCC	M3VGP8_neg3F	M3VGP8_neg3R
	4	CGAATTCCCGAAACCCCTCA	CTTTCCCGGGTAGACGACG	M3VGP8_neg4F	M3VGP8_neg4R
	5	AATTCCCGAAACCCCTCACC	GCTTTCCCGGGTAGACGAC	M3VGP8_neg5F	M3VGP8_neg5R
	6	CCGATCCACGAGATCAACCC	GTCGAGGTACCGCTTTCCC	M3VGP8_neg6F	M3VGP8_neg6R
	7	GCCGATCCACGAGATCAACC	GGGTTTCGGGAATTCGTCGG	M3VGP8_neg7F	M3VGP8_neg7R
	8	CGCCGATCCACGAGATCAA	GTCGTCGGTGAGGGGTTTC	M3VGP8_neg8F	M3VGP8_neg8R
	9	CGCCGATCCACGAGATCAAC	GTTTCGGGAATTCGTCGGC	M3VGP8_neg9F	M3VGP8_neg9R
	10	CGACGAATTCCCGAAACCCC	AGTCGAGGTACCGCTTTCCC	M3VGP8_neg10F	M3VGP8_neg10R
					
W4RJR2_pos	1	AAAAACACGCCGAGAAGCAC	GCATAGTAGGCCGAACTCCC	W4RJR2_pos1F	W4RJR2_pos1R
	2	GAACGTGCCTTCATCCCTCA	GGCATAGTAGGCCGAACTCC	W4RJR2_pos2F	W4RJR2_pos2R
	3	CCAATTATCTCGCACGCAGC	CTTGGCCGTGCAGATCAAAC	W4RJR2_pos3F	W4RJR2_pos3R
	4	CGGATAAAGCTTGCATCGCC	TAGTAGGCCGAACTCCCACT	W4RJR2_pos4F	W4RJR2_pos4R
	5	CCACCAATTATCTCGCACGC	AATCTTGGCCACGTCATCCC	W4RJR2_pos5F	W4RJR2_pos5R
	6	GCCACCAATTATCTCGCACG	CCGGTCTCCAGACTTGATGC	W4RJR2_pos6F	W4RJR2_pos6R
	7	GGATAAAGCTTGCATCGCCC	AGTAGGCCGAACTCCCACTT	W4RJR2_pos7F	W4RJR2_pos7R
	8	ATTATCTCGCACGCAGCGAA	GCCTTCCCGATTCAGACGAG	W4RJR2_pos8F	W4RJR2_pos8R
	9	CTCGTCTGAATCGGGAAGGC	TGTGGGCGATGCAAGCTTTA	W4RJR2_pos9F	W4RJR2_pos9R
	10	GCCCCATATCTTGGGTGACG	AGATCAAACTGCCTGTGGGC	W4RJR2_pos10F	W4RJR2_pos10R
					
W4RJR2_neg	1	AAAAACACGCCGAGAAGCAC	GCATAGTAGGCCGAACTCCC	W4RJR2_neg1F	W4RJR2_neg1R
	2	GAACGTGCCTTCATCCCTCA	GGCATAGTAGGCCGAACTCC	W4RJR2_neg2F	W4RJR2_neg2R
	3	CCAATTATCTCGCACGCAGC	CTTGGCCGTGCAGATCAAAC	W4RJR2_neg3F	W4RJR2_neg3R
	4	CGGATAAAGCTTGCATCGCC	CCGAAAACTTTAGCGGCCAG	W4RJR2_neg4F	W4RJR2_neg4R
	5	GTTTGATCTGCACGGCCAAG	TAGTAGGCCGAACTCCCACT	W4RJR2_neg5F	W4RJR2_neg5R
	6	CCACCAATTATCTCGCACGC	AATCTTGGCCACGTCATCCC	W4RJR2_neg6F	W4RJR2_neg6R
	7	GCCACCAATTATCTCGCACG	GAATCAGGTCGTTGCTGCTG	W4RJR2_neg7F	W4RJR2_neg7R
	8	AACGTGCCTTCATCCCTCAC	CCGGTCTCCAGACTTGATGC	W4RJR2_neg8F	W4RJR2_neg8R
	9	GGGATGACGTGGCCAAGATT	GCAGATCAAACTGCCTGTGG	W4RJR2_neg9F	W4RJR2_neg9R
	10	CCAAGCTTTGGGAGGGTGTT	AGTAGGCCGAACTCCCACTT	W4RJR2_neg10F	W4RJR2_neg10R
					
E6QMM9_pos	1	CGAAGATCCTGACGACGGAG	CCAGTCCTCGTAGCGCTTG	E6QMM9_pos1F	E6QMM9_pos1R
	2	CAGCCGAAGATCCTGACGAC	CGAGCCTCCAGTCCTCGTAG	E6QMM9_pos2F	E6QMM9_pos2R
	3	CCGAAGATCCTGACGACGG	GAGCCTCCAGTCCTCGTAGC	E6QMM9_pos3F	E6QMM9_pos3R
	4	GCCGAAGATCCTGACGACG	CAGTCCTCGTAGCGCTTGC	E6QMM9_pos4F	E6QMM9_pos4R
	5	AGCCGAAGATCCTGACGAC	GAGCCTCCAGTCCTCGTAG	E6QMM9_pos5F	E6QMM9_pos5R
	6	GGATCGACATCACCGCCGA	TCCTCGTAGCGCTTGCC	E6QMM9_pos6F	E6QMM9_pos6R
					
E6QMM9_neg	1	AACCCTGGACCGACGAAATC	GTCAGCTGCCAATCCTCGTA	E6QMM9_neg1F	E6QMM9_neg1R
	2	TCGACATCACCGGCGAATAC	TCAGCTGCCAATCCTCGTAG	E6QMM9_neg2F	E6QMM9_neg2R
	3	AAACCCTGGACCGACGAAAT	GTCAGCTGCCAATCCTCGT	E6QMM9_neg3F	E6QMM9_neg3R
	4	AAGTCGGGATCGACATCACC	AGCTGCCAATCCTCGTAGC	E6QMM9_neg4F	E6QMM9_neg4R
	5	CAAACCCTGGACCGACGAAA	CAGCTGCCAATCCTCGTAGC	E6QMM9_neg5F	E6QMM9_neg5R
	6	GACATCACCGGCGAATACCC	CAGCCCATGGTGATGACGAC	E6QMM9_neg6F	E6QMM9_neg6R
	7	CGAATACCCCAAACCCTGGA	AATCCTCGTAGCGCTTGCC	E6QMM9_neg7F	E6QMM9_neg7R
	8	ATCGACATCACCGGCGAATA	CAATCCTCGTAGCGCTTGC	E6QMM9_neg8F	E6QMM9_neg8R
	9	GCGAATACCCCAAACCCTGG	CCAATCCTCGTAGCGCTTGC	E6QMM9_neg9F	E6QMM9_neg9R
	10	CCGACGTCGTCATCACCAT	CGGTCAGCTGCCAATCCTC	E6QMM9_neg10F	E6QMM9_neg10R
					
P13511_pos	1	GTCGGCTTCATCGCATTGTC	GCCGTCCTCGATCAATTTGC	P13511_pos1F	P13511_pos1R
	2	CATCGCCCAGATCGTCGTTA	GTTTTCGGCGATGATGACGG	P13511_pos2F	P13511_pos2R
	3	TCATCGTCAAGCCACAGGAC	GACAATGCGATGAAGCCGAC	P13511_pos3F	P13511_pos3R
	4	ATCGCCCAGATCGTCGTTAC	GTCACCGTTTGCAGTCGTTC	P13511_pos4F	P13511_pos4R
	5	AGGCAAGACATTTGAGCCGA	GTTCGTTGAACCGCATCTCG	P13511_pos5F	P13511_pos5R
	6	TTCCTGATGCTCGGCAACTT	TCTCGATCGGTTGCGAGAAG	P13511_pos6F	P13511_pos6R
	7	GAACGACTGCAAACGGTGAC	CGGCGGACGATGAAGTTTTC	P13511_pos7F	P13511_pos7R
	8	TTTCCACCGCACCGTCTATC	GTAACGACGATCTGGGCGAT	P13511_pos8F	P13511_pos8R
	9	GATTTCCACCGCACCGTCTA	GACCTGGAACTGCTTGACGA	P13511_pos9F	P13511_pos9R
	10	TCGAGATGCGGTTCAACGAA	ACGATCTGGAATCTGCGGTC	P13511_pos10F	P13511_pos10R
					
P13511_neg	1	CGTAACGGCGAGCAGTATCT	GATGCCGCCAAAATCGTCTC	P13511_neg1F	P13511_neg1R
	2	AGCAAAAAGTGAAGCTGCCG	GGCTGGTGATTTCGATTCGC	P13511_neg2F	P13511_neg2R
	3	GAGACGATTTTGGCGGCATC	TGTGAGGATCGGCAGGTAGA	P13511_neg3F	P13511_neg3R
	4	CACCGGTGTCGAAGGAAAGA	GAAGGACCGCCTGAACTTGA	P13511_neg4F	P13511_neg4R
	5	AACGAACGGATTCAGCAGGT	AATCCTTGCCTTCCCTGACG	P13511_neg5F	P13511_neg5R
	6	TCACCGGTGTCGAAGGAAAG	TGGACGAGCACATCAAGGTC	P13511_neg6F	P13511_neg6R
	7	CTCACCGGTGTCGAAGGAAA	CACATCAAGGTCGTCACCGA	P13511_neg7F	P13511_neg7R
	8	TGGATCATCAAGCCGCAGTT	GATGCCGAAATCGATGGCAC	P13511_neg8F	P13511_neg8R
	9	ATCGGCGGAATCATCTCGTC	TTTCGATTCGCCGTTCTCCA	P13511_neg9F	P13511_neg9R
	10	TTACGACCGAACACGACTGG	TCCCTCACCTCCGGAATCTT	P13511_neg10F	P13511_neg10R
					
A0Z4S8_pos	1	CGTGACGCTTGGCGAAATAG	GCAGGATCATCTGGGACTCG	A0Z4S8_pos1F	A0Z4S8_pos1R
	2	GTCACTTCCAGTGCGTCTGA	GCAATTGCTGGCCTATCAGC	A0Z4S8_pos2F	A0Z4S8_pos2R
	3	GTAGCCGGTAATGCCGATGA	ATTTCATAGGGCCGGGCAAA	A0Z4S8_pos3F	A0Z4S8_pos3R
	4	TGACAACGATTTACCCCGCA	GAAAGTCGTGAGGCTGGTCA	A0Z4S8_pos4F	A0Z4S8_pos4R
	5	ACGCAGAAAATCCGGAAGGT	TGCGGGGTAAATCGTTGTCA	A0Z4S8_pos5F	A0Z4S8_pos5R
	6	GAGGTCACCCTACTGGCAAC	CAGGGTCTGCTCGGAAACTT	A0Z4S8_pos6F	A0Z4S8_pos6R
	7	TGAGGGGTACTGCTCCGTTA	TCATCGGCATTACCGGCTAC	A0Z4S8_pos7F	A0Z4S8_pos7R
	8	GCGGCCACACACTACTACTT	ACCTTCCGGATTTTCTGCGT	A0Z4S8_pos8F	A0Z4S8_pos8R
	9	AAGTTTCCGAGCAGACCCTG	GCCGTCTATGCGTGTCAGTA	A0Z4S8_pos9F	A0Z4S8_pos9R
	10	TGACCAGCCTCACGACTTTC	TACCAGGAACAGGGTCACCA	A0Z4S8_pos10F	A0Z4S8_pos10R
					
A0Z4S8_neg	1	GCAGATTGCCGTTCTTAGCG	CAGGGATTCCACCAGGGAAC	A0Z4S8_neg1F	A0Z4S8_neg1R
	2	CGGATAGAGGAGAACGTGGC	CCTGTAATCCGCCGCATAGT	A0Z4S8_neg2F	A0Z4S8_neg2R
	3	GAAACTGGAGGTCTTCCCCG	CACGTTCTCCTCTATCCGGC	A0Z4S8_neg3F	A0Z4S8_neg3R
	4	TCTCCGGAGCCGCATAAATC	AGGCATTGTCAGCGAACAGA	A0Z4S8_neg4F	A0Z4S8_neg4R
	5	AGAAGGGCCAGTCTCGATCT	ATGAGACCGAACGCCATGTT	A0Z4S8_neg5F	A0Z4S8_neg5R
	6	TCTGTTCGCTGACAATGCCT	CACTCTGAAAGGTGACGGCT	A0Z4S8_neg6F	A0Z4S8_neg6R
	7	ACTATGCGGCGGATTACAGG	AATGAGACCGAACGCCATGT	A0Z4S8_neg7F	A0Z4S8_neg7R
	8	GCCAAGGAAATCCTGTCGGA	TCAAACCCACCTTCTCTCGC	A0Z4S8_neg8F	A0Z4S8_neg8R
	9	GGAAGCCGTCACCTTTCAGA	ACCTTTGAGTTCCTCCGCTG	A0Z4S8_neg9F	A0Z4S8_neg9R
	10	GCGGAGGAACTCAAAGGTGA	GGGTAAACGACCTGAAGGGG	A0Z4S8_neg10F	A0Z4S8_neg10R
					
A0YFC4_pos	1	TCTGAAGTCCCCTTCGCAAC	TGTCGACATCCGCTATCACG	A0YFC4_pos1F	A0YFC4_pos1R
	2	GTTGCCTGGCCTTTTCACTG	GACTCGGACTCAGTTGCACA	A0YFC4_pos2F	A0YFC4_pos2R
	3	CTGTTGCCTGGCCTTTTCAC	TGACTCGGACTCAGTTGCAC	A0YFC4_pos3F	A0YFC4_pos3R
	4	TGACTTTCGGCGTGCTAACT	ACGTCGAAATTGACCGTGGA	A0YFC4_pos4F	A0YFC4_pos4R
	5	GAGCACGGTCAACCAGTACA	AGTTAGCACGCCGAAAGTCA	A0YFC4_pos5F	A0YFC4_pos5R
	6	AGTGACTTTCGGCGTGCTAA	AGGCCAGGCAACAGATTACC	A0YFC4_pos6F	A0YFC4_pos6R
	7	GTTCTGAAGTCCCCTTCGCA	TCCAGTGAGTAGGAGACCCG	A0YFC4_pos7F	A0YFC4_pos7R
	8	TCACCCCCTTCGCCAATTAC	ATCGGTGATGTTGGTGACCC	A0YFC4_pos8F	A0YFC4_pos8R
	9	GGGTCACCAACATCACCGAT	GTTGCGAAGGGGACTTCAGA	A0YFC4_pos9F	A0YFC4_pos9R
	10	ATTCCAGTGACTTTCGGCGT	TTACCTGCCGGGTTTGACTC	A0YFC4_pos10F	A0YFC4_pos10R
					
A0YFC4_neg	1	GTTGCCTGGCCTTTTCACTG	ACGTCGAAATTGACCGTGGA	A0YFC4_neg1F	A0YFC4_neg1R
	2	TTCCGGTATGTGCTATCCGC	CTGTTACAGCACCAGGCTGA	A0YFC4_neg2F	A0YFC4_neg2R
	3	AGGAATTGGCTGAGCAGGTC	ACGCCGAAAGTCACTGGATT	A0YFC4_neg3F	A0YFC4_neg3R
	4	AATCCAGTGACTTTCGGCGT	TACCGATATGGCGCAAGCAT	A0YFC4_neg4F	A0YFC4_neg4R
	5	TGCCGATGAAGTCTTTCCCC	GACCTGCTCAGCCAATTCCT	A0YFC4_neg5F	A0YFC4_neg5R
	6	TGCAGGAAGGGCTCTGAATG	AGCCAGTGGCGAAGAATGAA	A0YFC4_neg6F	A0YFC4_neg6R
	7	CAGCACGGTCACCAGTACAT	ATACCGATATGGCGCAAGCA	A0YFC4_neg7F	A0YFC4_neg7R
	8	GCACGGTCACCAGTACATCA	GTAATTGGCGAAGGGGGTGA	A0YFC4_neg8F	A0YFC4_neg8R
	9	GGTTCTGAAGTCCCTTCGCA	GCGACATCAGATAGACCCCG	A0YFC4_neg9F	A0YFC4_neg9R
	10	ACTGCTCGAATCGCAACTGA	AAGCCAGTGGCGAAGAATGA	A0YFC4_neg10F	A0YFC4_neg10R
					
H5VCM1_pos	1	ACCTGTACTGGGCAAGAAGC	ACACGGCCCAATTGAGAGAG	H5VCM1_pos1F	H5VCM1_pos1R
	2	ACTGCGTACCCTACAGGACT	CCACCAATGCTGGCAACTTC	H5VCM1_pos2F	H5VCM1_pos2R
	3	CATCGATACAGTACGCGGCT	AGTCCTGTAGGGTACGCAGT	H5VCM1_pos3F	H5VCM1_pos3R
	4	GCATTGGTGGCTTTGTACCG	AGTGGTACGCCGTCTTTTGT	H5VCM1_pos4F	H5VCM1_pos4R
	5	CTCTCTCAATTGGGCCGTGT	CGACAACTTCTCCTTGCCCA	H5VCM1_pos5F	H5VCM1_pos5R
	6	ACAAAAGACGGCGTACCACT	TCCTTGCCCATTGAGATCGG	H5VCM1_pos6F	H5VCM1_pos6R
	7	AGTACGCGGCTTTTCAACCT	CGGTACAAAGCCACCAATGC	H5VCM1_pos7F	H5VCM1_pos7R
	8	TGGTGCAGGCAAAAGGCTAT	CACGGCCCAATTGAGAGAGA	H5VCM1_pos8F	H5VCM1_pos8R
	9	ACATCGATACAGTACGCGGC	AAGCGCATCGTTGTTCACTG	H5VCM1_pos9F	H5VCM1_pos9R
	10	ATGGTGCAGGCAAAAGGCTA	CATTGAGATCGGCAACACCG	H5VCM1_pos10F	H5VCM1_pos10R
					
H5VCM1_neg	1	ACCTGTACTGGGCAAGAAGC	ACACGGCCCAATTGAGAGAG	H5VCM1_neg1F	H5VCM1_neg1R
	2	CATCGATACAGTACGCGGCT	CCACCAATGCTGGCAACTTC	H5VCM1_neg2F	H5VCM1_neg2R
	3	GCATTGGTGGCTTTGTACCG	AGTGGTACGCCGTCTTTTGT	H5VCM1_neg3F	H5VCM1_neg3R
	4	CTCTCTCAATTGGGCCGTGT	CGACAACTTCTCCTTGCCCA	H5VCM1_neg4F	H5VCM1_neg4R
	5	ACAAAAGACGGCGTACCACT	TCCTTGCCCATTGAGATCGG	H5VCM1_neg5F	H5VCM1_neg5R
	6	AGTACGCGGCTTTTCAACCT	CGGTACAAAGCCACCAATGC	H5VCM1_neg6F	H5VCM1_neg6R
	7	TGGTGCAGGCAAAAGGCTAT	CACGGCCCAATTGAGAGAGA	H5VCM1_neg7F	H5VCM1_neg7R
	8	ACATCGATACAGTACGCGGC	AAGCGCATCGTTGTTCACTG	H5VCM1_neg8F	H5VCM1_neg8R
	9	ATGGTGCAGGCAAAAGGCTA	CATTGAGATCGGCAACACCG	H5VCM1_neg9F	H5VCM1_neg9R
	10	TGATGAACTGCGTACCCTGC	CAAGCGCATCGTTGTTCACT	H5VCM1_neg10F	H5VCM1_neg10R